SampleDesc	SampleID	DNAconc	Barcode
lung Tx,N30,OW,ITS PCR, 65C extract 1	Tx30.OW.65C.ex1	6.5742	CGTGTACATCAG
lung Tx,N30,OW,ITS PCR, 65C extract 2	Tx30.OW.65C.ex2	1.6222	AGACTGCGTACT
lung Tx,N30,OW,ITS PCR, 65C extract 3	Tx30.OW.65C.ex3	6.2042	GCTATCACGAGT
lung Tx,O35,OW,ITS PCR, 65C extract 1	Tx35.OW.65C.ex1	31.0925	TACTGCGACAGT
lung Tx,O35,OW,ITS PCR, 65C extract 2	Tx35.OW.65C.ex2	18.9828	CGTACTAGACTG
lung Tx,O35,OW,ITS PCR, 65C extract 3	Tx35.OW.65C.ex3	0.4411	ACATGTCACGTG
lung Tx,O46,OW,ITS PCR, 65C extract 1	Tx46.OW.65C.ex1	2.0491	GACTGTCATGCA
lung Tx,O46,OW,ITS PCR, 65C extract 2	Tx46.OW.65C.ex2	1.3518	TCAGTGACGTAC
lung Tx,O46,OW,ITS PCR, 65C extract 3	Tx46.OW.65C.ex3	2.3337	CAGTGCATATGC
water extract at 65C,ITS PCR	Water.65C.ex1	1.1099	ACGTACTCAGTG
lung Tx,N30,OW,ITS PCR, 65C+95C extract 1	Tx30.OW.65C95C.ex1	19.7512	CTAGTCAGCTGA
lung Tx,N30,OW,ITS PCR, 65C+95C extract 2	Tx30.OW.65C95C.ex2	16.0372	CATCAGCGTGTA
lung Tx,N30,OW,ITS PCR, 65C+95C extract 3	Tx30.OW.65C95C.ex3	25.8274	ATGCAGCTCAGT
lung Tx,O35,OW,ITS PCR, 65C+95C extract 1	Tx35.OW.65C95C.ex1	14.8561	CATGAGTGCTAC
lung Tx,O35,OW,ITS PCR, 65C+95C extract 2	Tx35.OW.65C95C.ex2	15.5533	ACGACTATGTGC
lung Tx,O35,OW,ITS PCR, 65C+95C extract 3	Tx35.OW.65C95C.ex3	12.935	CACGTGACATGT
lung Tx,O46,OW,ITS PCR, 65C+95C extract 1	Tx46.OW.65C95C.ex1	0.5407	CATGCAGACTGT
lung Tx,O46,OW,ITS PCR, 65C+95C extract 2	Tx46.OW.65C95C.ex2	0.5407	CTATCTAGCGAG
lung Tx,O46,OW,ITS PCR, 65C+95C extract 3	Tx46.OW.65C95C.ex3	1.2664	ACGTCTGTAGCA
water extract at 65C+95C,ITS PCR	Water.65C95C.ex2	0.3699	CTCAGTATGCAG
water extract,ITS PCR,65+95C extract	Water.65C95C.ex3	1.2169	GACTAACGTCAC
Pulm-7,Bal,ITS PCR,65+95C extract	Pulm7.BAL	13.6869	CTAGCGAACATC
Pulm-8,Bal,ITS PCR,65+95C extract	Pulm8.BAL	0.5626	CTGGCTGTATGA
Pulm-9,Bal,ITS PCR,65+95C extract	Pulm9.BAL	0.4579	AGCCATACTGAC
Pulm-10,Bal,ITS PCR,65+95C extract	Pulm10.BAL	0.628	CACGGACTATAC
Pulm-11,Bal,ITS PCR,65+95C extract	Pulm11.BAL	1.7403	TGTCAAGTCGTG
Pulm-12,Bal,ITS PCR,65+95C extract	Pulm12.BAL	0.8636	TCGACCAGCAAT
Pulm-13,Bal,ITS PCR,65+95C extract	Pulm13.BAL	6.7126	ACGTTAGCACAC
Pulm-7,OW,ITS PCR,65+95C extract	Pulm7.OW	25.7644	CATGTTGGCATG
Pulm-10,OW,ITS PCR,65+95C extract	Pulm10.OW	6.6053	CCTATGTGATGG
Pulm-11,OW,ITS PCR,65+95C extract	Pulm11.OW	3.3235	CTGTGTTCAGGA
Pulm-12,OW,ITS PCR,65+95C extract	Pulm12.OW	4.4803	ACGCAACTGCTA
Pulm-13,OW,ITS PCR,65+95C extract	Pulm13.OW	7.4793	CTATACCACGGA
water extract, ITS PCR,65+95C extract	Water.65C95C.ex4	0.5103	GAAGCTACTGTC
HUP3C04,OW 7-6-2010, ITS PCR,65+95C extract	HUP3C04.OW.day1	18.646125	GAGCCTTACATG
HUP3C04,OW 7-8-2010, ITS PCR,65+95C extract	NA	18.358255	GATCGTCCAGAT
HUP3C04,OW 7-12-2010, ITS PCR,65+95C extract	NA	22.45386	CTCTAAGCATGG
HUP3C04,OW 7-14-2010, ITS PCR,65+95C extract	NA	15.531895	TATAATGCGCCG
HUP3C04,OW 7-26-2010, ITS PCR,65+95C extract	NA	7.51079	GCCGTATGAACT
HUP3C04,OW 9-9-2010, ITS PCR,65+95C extract	NA	8.3744	GTACGAATCCTG
HUP3C04,OW 9-14-2010, ITS PCR,65+95C extract	NA	15.087005	AATCGGCGATTC
HUP3C05,OW 7-6-2010, ITS PCR,65+95C extract	HUP3C05.OW.day1	3.703055	AAGGCGCTTATC
HUP3C05,OW 7-8-2010, ITS PCR,65+95C extract	NA	7.5893	GGTTGCACAATC
HUP3C05,OW 7-12-2010, ITS PCR,65+95C extract	NA	0.86361	AAGTTCGCGCTA
HUP3C05,OW 7-14-2010, ITS PCR,65+95C extract	NA	0.47106	CAGGTGCTACTA
HUP3C05,OW 7-29-2010, ITS PCR,65+95C extract	NA	1.12531	TAGCTGAGTCCA
HUP3C05,OW 8-2-2010, ITS PCR,65+95C extract	NA	11.082995	GACTCGAATCGT
HUP3C06,OW 8-2-2010, ITS PCR,65+95C extract	HUP3C06.OW.day1	0.2617	CGATGTCGTCAA
HUP3C06,OW 8-4-2010, ITS PCR,65+95C extract	NA	0.824355	TACGTTAGAGCC
HUP3C06,OW 8-6-2010, ITS PCR,65+95C extract	NA	0.34021	ACAATCGGTTGC
HUP3C06,OW 8-9-2010, ITS PCR,65+95C extract	NA	2.30296	TAAGGCCTATCG
HUP3C06,OW 8-23-2010, ITS PCR,65+95C extract	NA	0.327125	CTAGGTCACTAG
HUP3C06,OW 8-25-2010, ITS PCR,65+95C extract	NA	0.23553	GGTATGACTCAC
HUP3C06,OW 8-27-2010, ITS PCR,65+95C extract	NA	0.5234	ACTGTCGAAGCT
HUP3C06,OW 8-30-2010, ITS PCR,65+95C extract	NA	0.44489	AGTCCATAGCTG
HUP3C07,OW 8-2-2010, ITS PCR,65+95C extract	HUP3C07.OW.day1	1.72722	TGCACGCAATTG
HUP3C07,OW 8-4-2010, ITS PCR,65+95C extract	NA	0.379465	TGAACTGCCGTA
HUP3C07,OW 8-6-2010, ITS PCR,65+95C extract	NA	0.405635	CTATGTGAACCG
HUP3C07,OW 8-9-2010, ITS PCR,65+95C extract	NA	1.64871	CCACTTGGATAG
HUP3C07,OW 10-18-2010, ITS PCR,65+95C extract	NA	0.431805	ACCTCGATCAGA
HUP3C07,OW 10-20-2010, ITS PCR,65+95C extract	NA	1.09914	TGAGGTCTTGAC
HUP3C07,OW 10-22-2010, ITS PCR,65+95C extract	NA	0.353295	CGTCTCAGAACA
HUP3C07,OW 10-25-2010, ITS PCR,65+95C extract	NA	2.14594	TCACAGATCCGA
HUP3D05,prewash,ITS PCR,65+95C extract	HUP3D05.Scope.Prewash	1.635625	ACTGTACGCGTA
HUP3D06, prewash,ITS PCR,65+95C extract	HUP3D06.Scope.Prewash	0.745845	AGCGAGCTATCT
HUP3D05,lst return,ITS PCR,65+95C extract	HUP3D05.BAL.A.1stReturn	1.426265	ATGTGCACGACT
HUP3D06, lst return,ITS PCR,65+95C extract	HUP3D06.BAL.A.1stReturn	1.347755	AGCTGACTAGTC
HUP3D05,OW,ITS PCR,65+95C extract	HUP3D05.OW	1.59637	TAGCGACATCTG
HUP3D06, OW,ITS PCR,65+95C extract	HUP3D06.OW	14.799135	GCAGTATCACTG
HUP3D01, Bal-A,ITS PCR,65+95C extract	HUP3D01.BAL.A.2ndReturn	2.708595	CGATCTTAGGCA
HUP3D02, Bal-A,ITS PCR,65+95C extract	HUP3D02.BAL.A.2ndReturn	1.46552	ATGTCACCGTGA
HUP3D03, Bal-A,ITS PCR,65+95C extract	HUP3D03.BAL.A.2ndReturn	2.080515	CTACTACAGGTG
HUP3D04, Bal-A,ITS PCR,65+95C extract	HUP3D04.BAL.A.2ndReturn	3.938585	GATTACTCGGCA
HUP3D05, Bal-A,ITS PCR,65+95C extract	HUP3D05.BAL.A.2ndReturn	4.86762	CCGCAGGTATAT
HUP3D06, Bal-A,ITS PCR,65+95C extract	HUP3D06.BAL.A.2ndReturn	3.84699	TCGAGCGAATCT
HUP3D01, Bal-B,ITS PCR,65+95C extract	HUP3D01.BAL.B	4.461985	GAACACTTCTGG
HUP3D02, Bal-B,ITS PCR,65+95C extract	HUP3D02.BAL.B	1.740305	TACCAGTGGACT
HUP3D03, Bal-B,ITS PCR,65+95C extract	HUP3D03.BAL.B	3.79465	GTGATTAGCACC
HUP3D04, Bal-B,ITS PCR,65+95C extract	HUP3D04.BAL.B	4.880705	ATATGCCAGTGC
HUP3D05, Bal-B,ITS PCR,65+95C extract	HUP3D05.BAL.B	2.04126	CACCGATTGGTA
HUP3D06, Bal-B,ITS PCR,65+95C extract	HUP3D06.BAL.B	3.860075	ATGCGAGTATCC